{
    "00": 0.228192,
    "01": 0.218258,
    "02": 0.198157,
    "03": 0.189109,
    "04": 0.190642,
    "05": 0.202522,
    "06": 0.226791,
    "07": 0.24067,
    "08": 0.24482,
    "09": 0.244409,
    "10": 0.25745,
    "11": 0.257873,
    "12": 0.248417,
    "13": 0.2462,
    "14": 0.246535,
    "15": 0.242812,
    "16": 0.243556,
    "17": 0.24649,
    "18": 0.243922,
    "19": 0.238652,
    "20": 0.235842,
    "21": 0.236326,
    "22": 0.2356,
    "23": 0.227405
}