{
    "00": 0.250002,
    "01": 0.244974,
    "02": 0.239272,
    "03": 0.235431,
    "04": 0.232793,
    "05": 0.232279,
    "06": 0.231489,
    "07": 0.234705,
    "08": 0.243876,
    "09": 0.254806,
    "10": 0.251696,
    "11": 0.250937,
    "12": 0.249352,
    "13": 0.246971,
    "14": 0.248456,
    "15": 0.251179,
    "16": 0.263061,
    "17": 0.26889,
    "18": 0.251974,
    "19": 0.243144,
    "20": 0.241686,
    "21": 0.239714,
    "22": 0.243078,
    "23": 0.228337
}