{
    "00": 0.2237,
    "01": 0.217256,
    "02": 0.212897,
    "03": 0.213257,
    "04": 0.21323,
    "05": 0.216213,
    "06": 0.219422,
    "07": 0.22713,
    "08": 0.236874,
    "09": 0.242972,
    "10": 0.245407,
    "11": 0.247712,
    "12": 0.248901,
    "13": 0.251754,
    "14": 0.259035,
    "15": 0.266942,
    "16": 0.278815,
    "17": 0.293263,
    "18": 0.29483,
    "19": 0.287633,
    "20": 0.27697,
    "21": 0.267311,
    "22": 0.261648,
    "23": 0.251569
}