{
    "00": 0.239439,
    "01": 0.232926,
    "02": 0.229051,
    "03": 0.228361,
    "04": 0.226679,
    "05": 0.227826,
    "06": 0.241096,
    "07": 0.247044,
    "08": 0.259522,
    "09": 0.267341,
    "10": 0.263064,
    "11": 0.252749,
    "12": 0.248157,
    "13": 0.243571,
    "14": 0.246532,
    "15": 0.254228,
    "16": 0.267943,
    "17": 0.283099,
    "18": 0.267611,
    "19": 0.249939,
    "20": 0.2424,
    "21": 0.244978,
    "22": 0.242836,
    "23": 0.238416
}