{
  "00": 0.215173,
  "01": 0.208273,
  "02": 0.208191,
  "03": 0.204661,
  "04": 0.202904,
  "05": 0.2015,
  "06": 0.19921,
  "07": 0.206289,
  "08": 0.21815,
  "09": 0.221891,
  "10": 0.205962,
  "11": 0.198653,
  "12": 0.199171,
  "13": 0.19823,
  "14": 0.219353,
  "15": 0.245193,
  "16": 0.252262,
  "17": 0.258191,
  "18": 0.258821,
  "19": 0.256246,
  "20": 0.2551,
  "21": 0.256023,
  "22": 0.259767,
  "23": 0.254849
}