{
  "00": 0.262251,
  "01": 0.254934,
  "02": 0.24846,
  "03": 0.244776,
  "04": 0.24277,
  "05": 0.243381,
  "06": 0.247268,
  "07": 0.257033,
  "08": 0.263479,
  "09": 0.261268,
  "10": 0.252753,
  "11": 0.247601,
  "12": 0.244358,
  "13": 0.244891,
  "14": 0.254443,
  "15": 0.272146,
  "16": 0.280704,
  "17": 0.285834,
  "18": 0.283205,
  "19": 0.282413,
  "20": 0.278701,
  "21": 0.276245,
  "22": 0.273332,
  "23": 0.263512
}