{
    "00": 0.233791,
    "01": 0.23243,
    "02": 0.235022,
    "03": 0.232542,
    "04": 0.23567,
    "05": 0.238211,
    "06": 0.249745,
    "07": 0.283625,
    "08": 0.335806,
    "09": 0.364952,
    "10": 0.381587,
    "11": 0.384188,
    "12": 0.392216,
    "13": 0.405,
    "14": 0.434049,
    "15": 0.43205,
    "16": 0.433145,
    "17": 0.405,
    "18": 0.367629,
    "19": 0.296965,
    "20": 0.252715,
    "21": 0.24322,
    "22": 0.239675,
    "23": 0.227451
}